Timestamp,Source IP,Packet Count,Message
2025-09-19 13:30:56,192.168.5.194,6,Suspicious activity detected from 192.168.5.194. Packets sent: 6
2025-09-19 13:30:56,192.168.5.194,7,Suspicious activity detected from 192.168.5.194. Packets sent: 7
2025-09-19 13:30:56,192.168.5.194,8,Suspicious activity detected from 192.168.5.194. Packets sent: 8
2025-09-19 13:30:56,192.168.5.194,9,Suspicious activity detected from 192.168.5.194. Packets sent: 9
2025-09-19 13:30:56,192.168.5.5,6,Suspicious activity detected from 192.168.5.5. Packets sent: 6
2025-09-19 13:30:56,192.168.5.5,7,Suspicious activity detected from 192.168.5.5. Packets sent: 7
2025-09-19 13:30:56,192.168.5.194,10,Suspicious activity detected from 192.168.5.194. Packets sent: 10
2025-09-19 13:30:56,192.168.5.5,8,Suspicious activity detected from 192.168.5.5. Packets sent: 8
2025-09-19 13:30:56,192.168.5.194,11,Suspicious activity detected from 192.168.5.194. Packets sent: 11
2025-09-19 13:30:56,192.168.5.5,9,Suspicious activity detected from 192.168.5.5. Packets sent: 9
2025-09-19 13:30:56,192.168.5.5,10,Suspicious activity detected from 192.168.5.5. Packets sent: 10
2025-09-19 13:30:56,192.168.5.194,12,Suspicious activity detected from 192.168.5.194. Packets sent: 12
2025-09-19 13:30:56,192.168.5.194,13,Suspicious activity detected from 192.168.5.194. Packets sent: 13
2025-09-19 13:30:56,192.168.5.194,14,Suspicious activity detected from 192.168.5.194. Packets sent: 14
2025-09-19 13:30:56,192.168.5.194,15,Suspicious activity detected from 192.168.5.194. Packets sent: 15
2025-09-19 13:30:56,23.201.103.234,6,Suspicious activity detected from 23.201.103.234. Packets sent: 6
2025-09-19 13:30:56,23.201.103.234,7,Suspicious activity detected from 23.201.103.234. Packets sent: 7
2025-09-19 13:30:56,23.201.103.234,8,Suspicious activity detected from 23.201.103.234. Packets sent: 8
2025-09-19 13:30:56,192.168.5.194,16,Suspicious activity detected from 192.168.5.194. Packets sent: 16
2025-09-19 13:30:56,192.168.5.194,17,Suspicious activity detected from 192.168.5.194. Packets sent: 17
2025-09-19 13:30:56,23.201.103.234,9,Suspicious activity detected from 23.201.103.234. Packets sent: 9
2025-09-19 13:30:56,192.168.5.139,6,Suspicious activity detected from 192.168.5.139. Packets sent: 6
2025-09-19 13:30:57,192.168.5.194,18,Suspicious activity detected from 192.168.5.194. Packets sent: 18
2025-09-19 13:30:57,192.168.5.194,19,Suspicious activity detected from 192.168.5.194. Packets sent: 19
2025-09-19 13:30:57,192.168.5.5,11,Suspicious activity detected from 192.168.5.5. Packets sent: 11
2025-09-19 13:30:57,192.168.5.5,12,Suspicious activity detected from 192.168.5.5. Packets sent: 12
